customer,brick_mortar,ecomm
1,30,0
2,25,0
3,68,0
4,77,0
5,24,0
6,5,0
7,51,0
8,25,0
9,30,0
10,0,4
11,12,0
12,13,0
13,3,0
14,10,0
15,28,0
16,25,0
17,4,0
18,4,0
19,47,0
20,35,2
21,6,0
22,12,4
23,68,0
24,16,0
25,17,0
26,5,0
27,19,0
28,21,0
29,8,0
30,3,0
31,31,0
32,11,0
33,18,0
34,12,0
35,30,0
36,9,0
37,9,0
38,3,0
39,7,0
40,9,0
41,3,0
42,2,0
43,2,0
44,12,9
45,5,0
46,23,0
47,27,0
48,26,1
49,6,0
50,25,0
51,3,0
52,17,0
53,20,0
54,10,0
55,28,0
56,5,0
57,18,0
58,32,9
59,22,0
60,23,0
61,35,0
62,6,0
63,5,8
64,2,0
65,2,0
66,3,0
67,3,0
68,29,0
69,1,0
70,5,0
71,3,0
72,11,0
73,10,0
74,2,0
75,12,0
76,11,0
77,1,0
78,6,0
79,15,0
80,2,0
81,2,0
82,19,0
83,0,5
84,5,0
85,12,1
86,4,0
87,1,0
88,3,0
89,1,0
90,1,0
91,3,0
92,1,0
93,1,0
94,0,1
95,4,0
96,1,0
97,1,0
98,23,1
99,2,0
100,2,0
101,2,0
102,1,0
103,1,0
104,1,0
105,1,0
106,1,0
107,1,0
108,1,0
109,101,0
110,2,0
111,12,0
112,17,0
113,37,0
114,33,0
115,36,0
116,39,0
117,4,0
118,9,1
119,169,0
120,37,0
121,16,0
122,11,0
123,37,0
124,19,4
125,63,0
126,9,0
127,8,0
128,17,0
129,28,0
130,21,0
131,3,0
132,7,0
133,6,0
134,15,0
135,33,0
136,13,0
137,38,0
138,13,0
139,9,0
140,5,0
141,26,0
142,28,0
143,36,0
144,18,0
145,16,0
146,6,0
147,18,0
148,3,0
149,5,0
150,12,0
151,3,0
152,3,8
153,4,0
154,15,0
155,14,0
156,12,0
157,16,0
158,2,0
159,11,0
160,3,0
161,6,0
162,17,0
163,21,0
164,12,0
165,4,0
166,8,0
167,6,0
168,21,0
169,15,1
170,1,0
171,1,0
172,4,0
173,4,1
174,1,0
175,3,0
176,12,0
177,1,0
178,9,0
179,7,0
180,9,11
181,3,0
182,1,0
183,6,0
184,5,0
185,2,0
186,2,0
187,3,0
188,7,0
189,2,0
190,3,0
191,5,0
192,0,6
193,4,0
194,2,0
195,3,0
196,2,0
197,2,0
198,6,0
199,4,0
200,2,0
201,1,0
202,5,0
203,1,0
204,1,0
205,1,0
206,1,0
207,1,0
208,2,1
209,2,0
210,1,0
211,6,0
212,34,0
213,14,0
214,19,0
215,39,0
216,19,0
217,25,0
218,4,0
219,20,0
220,26,0
221,7,7
222,11,3
223,21,0
224,127,0
225,2,0
226,12,0
227,30,0
228,38,0
229,23,0
230,26,0
231,6,0
232,7,0
233,25,0
234,8,0
235,4,0
236,4,0
237,16,0
238,71,0
239,5,0
240,21,0
241,13,0
242,27,0
243,12,0
244,8,0
245,8,0
246,2,0
247,7,0
248,25,0
249,26,0
250,2,0
251,31,0
252,3,0
253,24,0
254,2,0
255,13,0
256,16,0
257,8,0
258,22,0
259,20,0
260,6,0
261,12,0
262,6,0
263,9,0
264,13,0
265,26,0
266,25,0
267,9,0
268,26,0
269,59,10
270,9,0
271,25,16
272,25,0
273,18,0
274,21,0
275,13,0
276,12,0
277,10,0
278,14,0
279,11,0
280,17,0
281,6,0
282,21,0
283,7,0
284,15,0
285,19,0
286,13,0
287,10,0
288,14,0
289,2,0
290,23,0
291,11,2
292,0,4
293,7,0
294,20,0
295,10,0
296,21,0
297,15,0
298,8,0
299,4,0
300,3,0
301,3,0
302,15,0
303,9,0
304,8,0
305,6,0
306,14,0
307,9,0
308,4,0
309,3,0
310,1,0
311,4,0
312,3,0
313,8,0
314,1,0
315,8,0
316,5,0
317,5,0
318,5,0
319,1,0
320,1,0
321,3,0
322,7,0
323,4,0
324,1,0
325,3,0
326,4,0
327,2,0
328,2,0
329,3,0
330,2,0
331,2,0
332,1,0
333,2,0
334,2,1
335,2,0
336,1,0
337,1,0
338,1,0
339,2,0
340,1,0
341,31,0
342,86,0
343,24,0
344,22,0
345,243,0
346,27,0
347,29,0
348,25,0
349,6,0
350,8,0
351,14,2
352,37,0
353,50,0
354,12,0
355,4,0
356,28,0
357,35,0
358,48,0
359,26,0
360,38,0
361,18,33
362,62,0
363,9,0
364,94,0
365,1,0
366,37,0
367,19,0
368,13,0
369,22,0
370,49,0
371,5,0
372,10,0
373,21,0
374,10,0
375,26,0
376,4,0
377,29,0
378,31,0
379,5,2
380,30,0
381,33,0
382,29,0
383,2,0
384,11,0
385,30,0
386,16,0
387,10,0
388,6,0
389,27,0
390,27,0
391,1,10
392,28,0
393,17,0
394,26,0
395,6,0
396,22,0
397,16,0
398,13,0
399,17,0
400,12,0
401,3,0
402,14,0
403,1,0
404,16,0
405,8,0
406,9,0
407,4,0
408,14,0
409,1,0
410,7,0
411,8,0
412,3,1
413,5,0
414,8,0
415,6,0
416,4,0
417,30,0
418,7,0
419,6,0
420,3,0
421,6,0
422,4,0
423,11,0
424,5,0
425,7,0
426,3,0
427,1,0
428,2,0
429,4,0
430,3,0
431,4,0
432,9,0
433,1,0
434,5,0
435,2,0
436,1,0
437,3,0
438,1,0
439,3,0
440,3,2
441,2,0
442,2,0
443,1,0
444,2,0
445,2,0
446,3,0
447,1,0
448,2,0
449,1,0
450,3,0
451,2,0
452,0,1
453,1,0
454,1,0
455,1,0
456,1,0
457,1,0
458,9,0
459,7,0
460,16,0
461,45,0
462,14,0
463,2,0
464,19,0
465,12,0
466,62,0
467,2,0
468,29,0
469,72,0
470,3,0
471,2,0
472,44,0
473,25,0
474,15,0
475,60,0
476,44,0
477,12,0
478,13,0
479,29,0
480,19,0
481,15,0
482,38,0
483,6,0
484,39,0
485,1,0
486,16,0
487,18,0
488,29,0
489,11,0
490,16,0
491,19,0
492,11,0
493,20,0
494,6,0
495,14,0
496,10,0
497,11,0
498,3,0
499,2,0
500,18,0
501,15,0
502,11,0
503,3,0
504,3,0
505,8,0
506,4,0
507,6,0
508,4,1
509,4,0
510,10,0
511,14,0
512,2,0
513,12,0
514,2,0
515,9,0
516,3,0
517,5,0
518,1,0
519,14,7
520,7,0
521,9,0
522,6,0
523,1,0
524,5,0
525,12,0
526,12,0
527,4,0
528,12,0
529,9,0
530,14,0
531,2,0
532,6,0
533,11,3
534,6,0
535,1,0
536,5,0
537,2,0
538,4,1
539,4,0
540,1,0
541,1,0
542,1,0
543,2,0
544,1,0
545,2,0
546,14,0
547,2,0
548,2,0
549,1,0
550,1,2
551,3,0
552,1,0
553,1,0
554,6,0
555,2,0
556,1,0
557,1,0
558,2,0
559,1,0
560,1,0
561,2,0
562,1,0
563,1,0
564,46,0
565,35,0
566,12,0
567,28,0
568,13,0
569,244,0
570,22,0
571,6,0
572,112,0
573,29,0
574,44,0
575,21,0
576,10,0
577,9,0
578,24,0
579,8,0
580,28,0
581,17,0
582,8,0
583,18,0
584,30,0
585,20,0
586,16,0
587,19,0
588,10,0
589,12,0
590,2,0
591,20,0
592,28,0
593,20,0
594,19,0
595,11,0
596,2,0
597,17,0
598,8,0
599,7,0
600,1,0
601,15,0
602,7,0
603,20,0
604,24,0
605,31,0
606,15,0
607,17,0
608,20,0
609,9,0
610,4,0
611,15,0
612,21,2
613,11,0
614,3,0
615,2,0
616,27,0
617,3,0
618,7,0
619,9,0
620,16,0
621,3,0
622,4,0
623,1,0
624,4,0
625,4,10
626,2,0
627,3,0
628,29,0
629,9,0
630,5,0
631,9,0
632,12,0
633,10,0
634,1,0
635,4,0
636,6,0
637,21,2
638,2,0
639,7,0
640,6,0
641,1,0
642,1,0
643,5,0
644,1,0
645,4,0
646,2,0
647,4,0
648,3,0
649,5,0
650,8,0
651,6,3
652,3,0
653,2,0
654,9,0
655,2,0
656,3,0
657,2,0
658,2,0
659,1,0
660,2,0
661,1,0
662,2,0
663,1,0
664,3,0
665,2,0
666,1,0
667,1,0
668,1,0
669,2,0
670,1,0
671,1,0
672,1,1
673,12,0
674,41,0
675,4,12
676,31,0
677,12,0
678,27,0
679,9,0
680,9,0
681,14,0
682,18,0
683,2,0
684,33,0
685,19,0
686,2,0
687,5,0
688,49,0
689,33,1
690,16,0
691,9,0
692,3,0
693,22,0
694,7,0
695,23,0
696,25,0
697,10,0
698,23,0
699,24,0
700,12,0
701,7,0
702,13,0
703,25,0
704,70,0
705,15,0
706,12,0
707,2,0
708,42,0
709,16,0
710,3,0
711,16,0
712,17,0
713,4,0
714,19,0
715,19,0
716,4,0
717,23,0
718,9,0
719,2,0
720,10,0
721,6,0
722,6,0
723,6,0
724,5,0
725,4,0
726,2,0
727,0,4
728,17,0
729,9,0
730,9,0
731,1,0
732,5,0
733,3,0
734,3,0
735,19,0
736,7,0
737,9,0
738,3,0
739,11,0
740,7,0
741,6,0
742,1,0
743,4,0
744,2,0
745,4,0
746,1,0
747,1,0
748,18,0
749,3,0
750,5,19
751,2,0
752,3,0
753,2,0
754,13,0
755,7,0
756,3,0
757,1,0
758,5,0
759,8,1
760,2,0
761,1,0
762,2,0
763,1,0
764,3,0
765,1,0
766,1,0
767,2,0
768,2,0
769,1,0
770,1,0
771,1,0
772,2,0
773,1,0
774,12,3
775,1,0
776,1,0
777,1,0
778,6,0
779,31,0
780,17,0
781,17,0
782,1,5
783,23,0
784,26,0
785,32,0
786,50,0
787,2,0
788,7,0
789,3,0
790,7,0
791,15,0
792,9,0
793,5,0
794,12,0
795,10,0
796,19,0
797,11,0
798,14,0
799,33,0
800,32,0
801,32,0
802,45,0
803,15,0
804,56,0
805,2,0
806,9,0
807,7,0
808,11,1
809,19,0
810,10,0
811,24,0
812,16,0
813,65,18
814,51,0
815,14,0
816,16,15
817,23,0
818,11,0
819,7,0
820,12,0
821,13,1
822,6,0
823,26,0
824,16,0
825,4,0
826,9,0
827,22,0
828,2,0
829,16,0
830,5,0
831,13,0
832,11,0
833,8,0
834,11,0
835,6,0
836,16,0
837,14,0
838,16,0
839,4,0
840,12,9
841,9,0
842,25,0
843,3,0
844,14,0
845,4,0
846,3,0
847,17,0
848,15,0
849,9,0
850,3,0
851,8,0
852,13,0
853,11,0
854,1,0
855,10,0
856,22,3
857,2,0
858,4,0
859,2,0
860,12,0
861,6,0
862,11,0
863,10,0
864,8,0
865,1,0
866,4,0
867,10,0
868,9,0
869,4,0
870,8,0
871,1,0
872,2,5
873,1,0
874,11,0
875,3,0
876,4,0
877,11,0
878,8,1
879,1,0
880,0,1
881,1,0
882,1,0
883,4,0
884,1,0
885,1,0
886,2,0
887,1,0
888,1,0
889,2,0
890,1,0
891,1,0
892,4,0
893,1,0
894,1,0
895,1,0
896,2,0
897,1,0
898,1,0
899,1,0
900,1,0
901,116,0
902,9,0
903,15,0
904,18,0
905,21,0
906,28,0
907,40,0
908,28,0
909,25,0
910,63,0
911,18,0
912,77,0
913,37,0
914,48,0
915,19,0
916,31,0
917,20,0
918,11,0
919,7,0
920,4,0
921,22,0
922,1,0
923,1,0
924,4,0
925,42,0
926,25,0
927,20,0
928,4,0
929,9,0
930,17,0
931,16,0
932,21,0
933,10,5
934,0,4
935,29,0
936,12,0
937,27,0
938,11,0
939,13,0
940,6,0
941,6,0
942,10,0
943,4,0
944,4,0
945,22,0
946,13,0
947,6,0
948,27,0
949,19,0
950,30,0
951,6,0
952,5,0
953,6,0
954,7,0
955,20,0
956,10,0
957,10,0
958,19,0
959,4,0
960,10,0
961,27,0
962,10,0
963,17,0
964,8,0
965,12,0
966,5,1
967,5,0
968,18,0
969,3,0
970,11,0
971,5,0
972,11,0
973,21,0
974,4,0
975,68,22
976,4,0
977,6,0
978,5,0
979,4,0
980,10,0
981,4,0
982,2,0
983,2,0
984,4,0
985,3,0
986,1,0
987,5,0
988,10,0
989,6,0
990,7,0
991,6,0
992,1,0
993,2,0
994,3,0
995,1,0
996,4,0
997,2,0
998,1,0
999,3,2
1000,1,0
1001,1,0
1002,1,0
1003,1,0
1004,0,1
1005,1,0
1006,4,0
1007,52,12
1008,55,0
1009,25,0
1010,112,0
1011,24,0
1012,28,0
1013,12,0
1014,10,0
1015,20,0
1016,9,0
1017,15,0
1018,10,0
1019,14,0
1020,27,0
1021,1,0
1022,16,0
1023,36,0
1024,5,0
1025,6,0
1026,17,0
1027,24,0
1028,5,0
1029,18,0
1030,49,0
1031,25,0
1032,16,0
1033,25,0
1034,11,0
1035,36,0
1036,5,0
1037,7,0
1038,24,0
1039,32,0
1040,40,0
1041,24,0
1042,4,0
1043,16,0
1044,35,0
1045,3,0
1046,27,0
1047,2,0
1048,13,0
1049,24,0
1050,39,21
1051,11,0
1052,8,0
1053,18,0
1054,55,0
1055,23,0
1056,8,0
1057,38,0
1058,10,0
1059,14,0
1060,2,0
1061,17,0
1062,3,0
1063,17,0
1064,10,0
1065,1,0
1066,6,0
1067,14,1
1068,18,0
1069,0,11
1070,4,0
1071,8,0
1072,6,6
1073,9,0
1074,7,0
1075,6,0
1076,5,0
1077,12,0
1078,2,0
1079,17,0
1080,15,0
1081,11,0
1082,18,0
1083,2,0
1084,16,0
1085,2,0
1086,9,0
1087,2,0
1088,3,0
1089,9,0
1090,3,0
1091,5,0
1092,4,0
1093,11,0
1094,7,0
1095,14,0
1096,1,0
1097,1,0
1098,4,0
1099,9,0
1100,15,0
1101,2,0
1102,1,0
1103,1,13
1104,2,0
1105,4,0
1106,2,0
1107,1,0
1108,1,0
1109,1,0
1110,4,3
1111,2,0
1112,9,0
1113,11,1
1114,1,0
1115,2,1
1116,3,2
1117,2,0
1118,5,0
1119,4,0
1120,5,0
1121,1,0
1122,2,0
1123,1,0
1124,3,0
1125,1,0
1126,1,0
1127,1,0
1128,1,0
1129,1,0
1130,1,0
1131,1,0
1132,1,0
1133,1,0
1134,1,0
1135,57,0
1136,37,0
1137,19,0
1138,65,0
1139,12,0
1140,24,0
1141,34,0
1142,16,0
1143,23,0
1144,9,0
1145,31,0
1146,6,0
1147,41,0
1148,6,3
1149,46,0
1150,13,0
1151,62,0
1152,57,0
1153,14,0
1154,6,0
1155,5,0
1156,7,0
1157,17,0
1158,22,0
1159,3,0
1160,5,0
1161,20,0
1162,31,0
1163,12,0
1164,3,0
1165,6,0
1166,6,0
1167,6,0
1168,42,0
1169,28,0
1170,1,0
1171,3,0
1172,16,0
1173,5,0
1174,1,0
1175,30,0
1176,20,0
1177,2,0
1178,7,0
1179,14,0
1180,10,0
1181,12,0
1182,17,0
1183,27,0
1184,30,0
1185,9,0
1186,14,0
1187,15,0
1188,17,0
1189,37,0
1190,4,0
1191,17,0
1192,11,0
1193,4,0
1194,3,0
1195,35,0
1196,0,2
1197,10,0
1198,6,0
1199,5,0
1200,9,0
1201,12,0
1202,21,0
1203,12,0
1204,7,4
1205,11,0
1206,13,0
1207,19,0
1208,13,0
1209,8,0
1210,1,10
1211,19,0
1212,3,0
1213,7,0
1214,1,0
1215,6,0
1216,5,0
1217,2,0
1218,7,0
1219,2,0
1220,5,0
1221,6,0
1222,4,0
1223,4,0
1224,4,0
1225,1,0
1226,3,0
1227,7,0
1228,3,0
1229,3,0
1230,2,0
1231,2,0
1232,7,0
1233,1,0
1234,1,0
1235,3,0
1236,2,0
1237,1,0
1238,0,2
1239,1,0
1240,1,0
1241,1,0
1242,3,1
1243,16,1
1244,26,0
1245,58,0
1246,20,0
1247,14,0
1248,11,0
1249,7,0
1250,22,0
1251,6,0
1252,28,0
1253,6,0
1254,165,0
1255,26,0
1256,12,0
1257,25,0
1258,42,0
1259,24,0
1260,22,0
1261,35,0
1262,6,0
1263,16,0
1264,16,0
1265,24,0
1266,42,0
1267,15,0
1268,10,0
1269,24,0
1270,14,0
1271,15,0
1272,5,0
1273,4,0
1274,29,0
1275,3,0
1276,4,0
1277,21,0
1278,9,0
1279,26,0
1280,1,0
1281,23,0
1282,36,0
1283,14,0
1284,2,0
1285,4,0
1286,24,0
1287,8,0
1288,25,0
1289,20,0
1290,2,0
1291,4,0
1292,2,0
1293,12,0
1294,14,0
1295,7,0
1296,17,0
1297,9,0
1298,3,12
1299,3,0
1300,1,0
1301,15,0
1302,6,0
1303,3,0
1304,15,2
1305,10,0
1306,26,0
1307,15,0
1308,13,0
1309,9,0
1310,21,0
1311,3,0
1312,5,0
1313,8,0
1314,10,0
1315,2,0
1316,1,0
1317,3,1
1318,6,0
1319,6,0
1320,5,1
1321,1,0
1322,2,0
1323,7,0
1324,30,0
1325,1,0
1326,9,0
1327,1,0
1328,5,0
1329,4,0
1330,3,0
1331,4,0
1332,8,0
1333,4,0
1334,1,0
1335,9,0
1336,1,0
1337,4,0
1338,8,0
1339,1,0
1340,8,0
1341,4,2
1342,0,1
1343,5,0
1344,4,0
1345,2,0
1346,1,0
1347,2,0
1348,1,0
1349,1,0
1350,38,0
1351,5,0
1352,63,0
1353,13,0
1354,16,0
1355,1,0
1356,13,0
1357,4,0
1358,11,0
1359,9,0
1360,96,0
1361,9,0
1362,24,0
1363,35,0
1364,25,0
1365,29,0
1366,25,2
1367,25,0
1368,3,8
1369,8,0
1370,26,0
1371,17,0
1372,3,0
1373,29,0
1374,2,0
1375,21,0
1376,30,0
1377,7,0
1378,12,0
1379,5,0
1380,12,0
1381,32,0
1382,3,0
1383,15,0
1384,4,7
1385,10,0
1386,6,0
1387,1,0
1388,30,0
1389,27,0
1390,2,0
1391,8,0
1392,6,0
1393,10,0
1394,29,0
1395,10,0
1396,8,0
1397,17,0
1398,25,0
1399,36,0
1400,6,0
1401,11,0
1402,7,0
1403,13,0
1404,16,0
1405,4,3
1406,11,0
1407,10,0
1408,7,1
1409,24,0
1410,8,0
1411,22,0
1412,7,0
1413,6,0
1414,24,0
1415,1,0
1416,1,0
1417,4,0
1418,1,0
1419,5,0
1420,9,0
1421,21,0
1422,7,0
1423,13,0
1424,3,0
1425,5,0
1426,20,0
1427,19,0
1428,1,0
1429,3,0
1430,5,0
1431,7,0
1432,10,0
1433,1,0
1434,14,0
1435,13,0
1436,4,0
1437,3,0
1438,5,0
1439,8,0
1440,3,0
1441,1,0
1442,2,0
1443,1,0
1444,2,0
1445,1,0
1446,3,0
1447,3,0
1448,2,0
1449,1,0
1450,5,0
1451,4,0
1452,1,0
1453,2,0
1454,1,0
1455,1,0
1456,2,0
1457,1,0
1458,1,0
1459,1,0
1460,2,0
1461,3,1
1462,1,0
1463,30,0
1464,21,0
1465,38,0
1466,55,0
1467,55,0
1468,50,0
1469,67,0
1470,15,0
1471,13,0
1472,24,0
1473,4,0
1474,7,0
1475,41,0
1476,9,0
1477,42,0
1478,17,0
1479,16,3
1480,19,0
1481,4,0
1482,13,0
1483,5,0
1484,20,0
1485,40,0
1486,14,0
1487,18,0
1488,22,0
1489,15,0
1490,22,0
1491,19,0
1492,29,0
1493,38,0
1494,5,0
1495,10,0
1496,6,0
1497,13,0
1498,9,0
1499,29,0
1500,23,0
1501,25,0
1502,28,0
1503,6,0
1504,25,0
1505,10,0
1506,4,0
1507,14,0
1508,3,0
1509,14,0
1510,3,0
1511,9,1
1512,3,0
1513,24,0
1514,12,4
1515,13,0
1516,3,0
1517,1,0
1518,3,0
1519,35,0
1520,11,0
1521,24,0
1522,8,0
1523,24,1
1524,8,0
1525,5,0
1526,10,0
1527,17,0
1528,7,0
1529,11,0
1530,6,0
1531,18,0
1532,7,0
1533,6,0
1534,12,0
1535,2,0
1536,1,0
1537,7,0
1538,15,0
1539,15,1
1540,6,0
1541,8,0
1542,5,0
1543,1,0
1544,10,0
1545,1,0
1546,4,2
1547,3,0
1548,3,0
1549,3,0
1550,2,0
1551,3,0
1552,2,0
1553,1,0
1554,1,0
1555,2,4
1556,1,0
1557,2,0
1558,3,0
1559,1,0
1560,0,1
1561,1,0
1562,1,0
1563,1,0
1564,12,0
1565,16,0
1566,15,0
1567,2,0
1568,68,0
1569,10,0
1570,35,0
1571,26,0
1572,53,0
1573,55,0
1574,60,0
1575,8,0
1576,18,0
1577,15,0
1578,6,0
1579,53,0
1580,27,0
1581,7,0
1582,24,0
1583,34,0
1584,8,15
1585,3,0
1586,9,0
1587,109,0
1588,10,0
1589,27,0
1590,4,0
1591,39,0
1592,20,0
1593,11,0
1594,5,0
1595,1,0
1596,21,0
1597,3,0
1598,42,0
1599,26,0
1600,2,0
1601,14,0
1602,10,0
1603,1,0
1604,11,0
1605,22,0
1606,25,0
1607,9,0
1608,12,0
1609,17,0
1610,3,0
1611,23,0
1612,6,0
1613,3,0
1614,14,0
1615,1,0
1616,2,0
1617,18,0
1618,10,0
1619,6,0
1620,4,0
1621,2,0
1622,1,0
1623,12,0
1624,4,0
1625,6,0
1626,2,0
1627,0,4
1628,7,0
1629,12,0
1630,1,0
1631,3,0
1632,11,0
1633,3,0
1634,5,0
1635,4,0
1636,1,0
1637,2,0
1638,3,0
1639,1,0
1640,4,0
1641,3,0
1642,1,0
1643,2,0
1644,1,0
1645,3,0
1646,1,0
1647,1,0
1648,1,0
1649,2,1
1650,1,0
1651,1,0
1652,1,0
1653,1,0
1654,0,1
1655,1,0
1656,16,0
1657,10,0
1658,5,0
1659,21,0
1660,33,0
1661,22,0
1662,6,0
1663,46,0
1664,21,0
1665,18,0
1666,15,10
1667,14,0
1668,38,0
1669,51,0
1670,12,0
1671,8,0
1672,24,0
1673,30,0
1674,28,0
1675,0,5
1676,27,0
1677,18,10
1678,4,0
1679,24,0
1680,40,0
1681,14,0
1682,14,0
1683,15,0
1684,29,0
1685,4,0
1686,12,0
1687,4,0
1688,27,0
1689,15,0
1690,22,2
1691,9,0
1692,24,0
1693,6,0
1694,29,0
1695,17,0
1696,6,0
1697,35,0
1698,15,0
1699,15,0
1700,15,0
1701,8,0
1702,32,0
1703,11,0
1704,8,0
1705,14,0
1706,7,0
1707,13,0
1708,5,0
1709,9,0
1710,7,0
1711,9,0
1712,1,0
1713,1,0
1714,13,0
1715,7,0
1716,9,0
1717,10,0
1718,9,0
1719,2,0
1720,20,0
1721,21,0
1722,15,1
1723,8,0
1724,20,0
1725,2,0
1726,3,0
1727,7,0
1728,14,0
1729,8,0
1730,9,0
1731,9,0
1732,1,0
1733,11,0
1734,2,0
1735,11,0
1736,2,3
1737,3,0
1738,5,0
1739,2,0
1740,10,0
1741,2,4
1742,27,0
1743,4,0
1744,2,0
1745,14,0
1746,11,0
1747,1,0
1748,3,0
1749,1,0
1750,10,0
1751,2,8
1752,1,0
1753,4,0
1754,7,0
1755,1,3
1756,1,0
1757,2,0
1758,1,0
1759,6,0
1760,2,0
1761,2,0
1762,1,0
1763,1,0
1764,4,0
1765,7,0
1766,1,0
1767,1,0
1768,1,0
1769,1,0
1770,1,0
1771,1,0
1772,1,0
1773,2,0
1774,1,0
1775,2,0
1776,20,0
1777,48,0
1778,4,0
1779,132,0
1780,13,0
1781,10,0
1782,15,0
1783,34,0
1784,92,0
1785,43,0
1786,35,0
1787,69,0
1788,25,0
1789,12,0
1790,15,0
1791,20,0
1792,23,0
1793,9,0
1794,95,0
1795,24,0
1796,16,0
1797,23,0
1798,3,0
1799,2,0
1800,2,0
1801,12,0
1802,6,0
1803,9,0
1804,16,0
1805,13,0
1806,25,0
1807,19,0
1808,11,0
1809,23,0
1810,15,0
1811,9,0
1812,13,0
1813,21,0
1814,17,0
1815,11,0
1816,4,0
1817,3,0
1818,44,0
1819,14,0
1820,3,0
1821,2,0
1822,1,0
1823,20,0
1824,12,0
1825,19,0
1826,15,0
1827,3,0
1828,18,0
1829,2,0
1830,4,0
1831,12,0
1832,3,0
1833,2,0
1834,8,0
1835,9,0
1836,6,0
1837,4,0
1838,5,0
1839,6,0
1840,4,0
1841,6,0
1842,17,0
1843,3,0
1844,7,0
1845,1,0
1846,1,0
1847,1,0
1848,9,0
1849,1,4
1850,7,0
1851,2,0
1852,2,0
1853,5,3
1854,5,0
1855,14,0
1856,1,0
1857,4,0
1858,5,0
1859,6,0
1860,2,0
1861,2,0
1862,3,0
1863,2,0
1864,1,0
1865,2,0
1866,4,0
1867,3,0
1868,8,0
1869,3,0
1870,0,2
1871,1,0
1872,2,0
1873,1,0
1874,1,0
1875,1,0
1876,2,2
1877,1,0
1878,1,0
1879,1,0
1880,2,0
1881,1,0
1882,1,0
1883,0,1
1884,14,0
1885,21,0
1886,4,0
1887,34,0
1888,7,0
1889,10,0
1890,33,3
1891,19,0
1892,5,0
1893,17,0
1894,6,0
1895,27,0
1896,39,0
1897,2,0
1898,9,0
1899,17,0
1900,36,0
1901,15,1
1902,3,0
1903,8,0
1904,17,0
1905,10,0
1906,30,0
1907,13,0
1908,5,0
1909,7,0
1910,12,0
1911,29,0
1912,16,0
1913,27,0
1914,14,0
1915,18,0
1916,9,0
1917,2,0
1918,23,0
1919,4,0
1920,5,0
1921,19,0
1922,15,0
1923,6,0
1924,10,0
1925,18,0
1926,10,0
1927,45,0
1928,3,0
1929,9,0
1930,78,0
1931,5,0
1932,1,0
1933,19,0
1934,6,0
1935,5,0
1936,8,0
1937,6,0
1938,38,0
1939,6,0
1940,7,0
1941,2,0
1942,9,0
1943,10,0
1944,12,0
1945,12,0
1946,7,0
1947,13,0
1948,6,0
1949,10,0
1950,16,0
1951,5,0
1952,7,0
1953,2,0
1954,2,0
1955,2,0
1956,1,4
1957,3,2
1958,4,0
1959,1,0
1960,3,0
1961,3,1
1962,3,0
1963,7,0
1964,4,0
1965,3,0
1966,16,0
1967,2,0
1968,16,0
1969,3,4
1970,1,0
1971,2,0
1972,3,0
1973,5,2
1974,2,0
1975,1,0
1976,2,0
1977,1,0
1978,1,0
1979,1,0
1980,1,0
1981,1,0
1982,1,0
1983,1,0
1984,1,0
1985,22,0
1986,4,0
1987,13,0
1988,77,0
1989,44,0
1990,61,0
1991,7,1
1992,42,0
1993,22,0
1994,22,0
1995,64,0
1996,40,0
1997,28,14
1998,17,0
1999,84,0
2000,7,0
2001,26,1
2002,6,0
2003,7,19
2004,16,0
2005,11,0
2006,10,0
2007,102,10
2008,6,0
2009,1,0
2010,0,10
2011,18,0
2012,10,0
2013,34,0
2014,24,0
2015,74,0
2016,4,0
2017,7,0
2018,30,0
2019,35,0
2020,22,0
2021,1,1
2022,92,0
2023,17,0
2024,7,0
2025,43,0
2026,13,0
2027,9,0
2028,16,0
2029,19,0
2030,19,0
2031,19,0
2032,17,0
2033,4,0
2034,8,0
2035,1,0
2036,19,0
2037,8,0
2038,1,0
2039,2,0
2040,9,0
2041,9,0
2042,12,0
2043,2,0
2044,12,0
2045,4,0
2046,0,1
2047,21,0
2048,11,0
2049,12,0
2050,28,0
2051,33,0
2052,7,0
2053,9,13
2054,9,0
2055,4,0
2056,7,0
2057,8,0
2058,18,0
2059,25,0
2060,9,0
2061,3,0
2062,9,0
2063,5,0
2064,9,0
2065,12,0
2066,4,0
2067,1,0
2068,4,0
2069,8,0
2070,4,0
2071,2,0
2072,2,0
2073,1,0
2074,3,0
2075,3,0
2076,3,0
2077,2,0
2078,3,0
2079,7,0
2080,2,0
2081,8,0
2082,1,0
2083,2,0
2084,3,0
2085,2,0
2086,2,0
2087,2,0
2088,1,0
2089,3,0
2090,5,0
2091,0,2
2092,1,0
2093,3,0
2094,1,0
2095,2,0
2096,1,0
2097,1,0
2098,7,0
2099,1,0
2100,2,0
2101,1,0
2102,1,0
2103,1,0
2104,1,0
2105,1,0
2106,1,0
2107,13,0
2108,28,0
2109,21,0
2110,13,0
2111,34,0
2112,29,0
2113,11,0
2114,16,0
2115,12,0
2116,16,0
2117,7,0
2118,2,0
2119,46,0
2120,61,0
2121,44,0
2122,5,0
2123,8,0
2124,44,0
2125,29,0
2126,12,0
2127,23,0
2128,35,0
2129,5,0
2130,13,0
2131,29,0
2132,11,0
2133,7,0
2134,22,0
2135,7,0
2136,22,0
2137,19,0
2138,23,0
2139,42,0
2140,7,0
2141,3,0
2142,4,0
2143,32,0
2144,3,0
2145,23,0
2146,24,0
2147,12,3
2148,13,0
2149,5,0
2150,1,0
2151,7,0
2152,3,0
2153,13,0
2154,11,0
2155,4,0
2156,14,0
2157,1,0
2158,4,0
2159,25,0
2160,5,0
2161,18,0
2162,4,0
2163,5,0
2164,16,0
2165,6,0
2166,10,0
2167,32,0
2168,7,0
2169,6,0
2170,1,0
2171,1,7
2172,1,0
2173,4,0
2174,8,0
2175,11,0
2176,8,0
2177,20,0
2178,1,0
2179,6,0
2180,13,0
2181,3,0
2182,2,0
2183,1,0
2184,7,0
2185,7,0
2186,1,0
2187,1,0
2188,2,0
2189,1,0
2190,12,0
2191,1,0
2192,9,0
2193,8,0
2194,2,0
2195,5,0
2196,6,2
2197,1,0
2198,8,0
2199,1,0
2200,1,0
2201,7,0
2202,3,0
2203,1,0
2204,5,0
2205,3,0
2206,3,0
2207,1,0
2208,1,0
2209,1,0
2210,1,0
2211,13,1
2212,1,0
2213,1,0
2214,1,0
2215,1,0
2216,1,0
2217,18,0
2218,43,0
2219,67,0
2220,143,0
2221,0,5
2222,18,0
2223,16,0
2224,17,0
2225,25,0
2226,44,0
2227,0,8
2228,15,0
2229,11,0
2230,6,0
2231,9,0
2232,34,0
2233,3,0
2234,52,0
2235,32,0
2236,33,0
2237,84,0
2238,31,0
2239,38,0
2240,20,0
2241,19,0
2242,8,0
2243,43,0
2244,9,0
2245,2,0
2246,11,0
2247,20,0
2248,21,0
2249,2,0
2250,7,0
2251,31,0
2252,12,0
2253,9,0
2254,7,0
2255,23,0
2256,15,0
2257,7,0
2258,17,0
2259,3,0
2260,31,0
2261,1,0
2262,9,0
2263,3,0
2264,2,0
2265,3,0
2266,11,0
2267,3,0
2268,17,0
2269,9,0
2270,8,0
2271,23,0
2272,17,0
2273,7,0
2274,11,0
2275,6,3
2276,17,0
2277,2,0
2278,9,0
2279,1,0
2280,14,0
2281,14,0
2282,29,0
2283,24,0
2284,7,0
2285,5,0
2286,1,0
2287,8,0
2288,2,0
2289,9,0
2290,8,0
2291,7,0
2292,27,0
2293,4,0
2294,21,0
2295,6,0
2296,1,0
2297,11,0
2298,11,0
2299,2,0
2300,10,0
2301,1,0
2302,3,0
2303,8,0
2304,6,0
2305,1,0
2306,18,0
2307,2,0
2308,1,0
2309,1,0
2310,5,0
2311,8,1
2312,3,0
2313,1,0
2314,3,0
2315,4,0
2316,4,0
2317,1,0
2318,2,0
2319,4,8
2320,2,0
2321,2,0
2322,2,0
2323,3,0
2324,4,0
2325,1,0
2326,2,0
2327,4,0
2328,1,0
2329,1,0
2330,1,0
2331,1,0
2332,6,0
2333,31,0
2334,14,0
2335,38,0
2336,33,0
2337,8,0
2338,58,0
2339,16,0
2340,20,0
2341,4,0
2342,10,0
2343,19,0
2344,6,0
2345,1,10
2346,14,0
2347,9,0
2348,22,0
2349,3,5
2350,1,0
2351,18,0
2352,39,0
2353,34,0
2354,35,0
2355,15,0
2356,41,0
2357,31,0
2358,11,0
2359,59,0
2360,12,24
2361,10,0
2362,57,0
2363,36,0
2364,27,0
2365,13,0
2366,14,0
2367,8,1
2368,29,0
2369,11,0
2370,4,0
2371,17,0
2372,13,0
2373,26,0
2374,42,0
2375,4,0
2376,12,0
2377,7,0
2378,11,0
2379,12,0
2380,19,0
2381,10,0
2382,2,0
2383,6,6
2384,5,0
2385,4,0
2386,37,0
2387,13,0
2388,3,0
2389,9,6
2390,15,0
2391,12,0
2392,7,0
2393,16,0
2394,3,0
2395,3,0
2396,11,0
2397,7,0
2398,12,0
2399,2,0
2400,13,10
2401,4,0
2402,9,0
2403,5,0
2404,11,0
2405,1,0
2406,1,0
2407,1,0
2408,3,0
2409,2,0
2410,3,0
2411,3,0
2412,6,0
2413,2,0
2414,3,13
2415,27,0
2416,3,0
2417,0,5
2418,7,0
2419,6,0
2420,4,0
2421,6,0
2422,3,0
2423,8,0
2424,3,0
2425,9,0
2426,3,0
2427,2,0
2428,10,0
2429,6,0
2430,4,0
2431,2,0
2432,1,0
2433,4,0
2434,5,0
2435,2,0
2436,6,0
2437,8,0
2438,3,0
2439,2,0
2440,1,0
2441,1,0
2442,1,0
2443,2,0
2444,1,0
2445,4,0
2446,4,0
2447,1,0
2448,2,0
2449,12,1
2450,2,0
2451,14,0
2452,13,0
2453,24,0
2454,57,0
2455,12,0
2456,22,0
2457,16,0
2458,54,0
2459,27,0
2460,64,1
2461,2,16
2462,60,0
2463,15,0
2464,12,0
2465,7,0
2466,9,0
2467,4,0
2468,34,0
2469,6,0
2470,30,0
2471,20,0
2472,9,0
2473,87,1
2474,15,0
2475,10,0
2476,15,0
2477,14,0
2478,4,0
2479,10,0
2480,21,0
2481,22,0
2482,2,0
2483,19,0
2484,10,0
2485,23,0
2486,33,0
2487,13,0
2488,9,0
2489,23,0
2490,8,0
2491,5,0
2492,36,0
2493,10,0
2494,8,0
2495,3,0
2496,33,0
2497,5,0
2498,6,0
2499,24,0
2500,15,0
2501,10,3
2502,8,0
2503,1,0
2504,7,0
2505,2,0
2506,14,0
2507,4,0
2508,5,0
2509,30,0
2510,11,0
2511,12,0
2512,6,0
2513,2,0
2514,3,0
2515,7,0
2516,6,0
2517,9,0
2518,6,0
2519,6,0
2520,2,0
2521,13,0
2522,13,0
2523,2,0
2524,1,0
2525,3,3
2526,12,0
2527,13,0
2528,7,0
2529,1,0
2530,1,0
2531,1,0
2532,10,0
2533,5,0
2534,10,0
2535,8,0
2536,11,0
2537,10,0
2538,8,0
2539,8,0
2540,8,4
2541,1,0
2542,1,0
2543,2,0
2544,3,0
2545,2,0
2546,4,0
2547,1,0
2548,1,0
2549,4,0
2550,2,0
2551,2,0
2552,2,0
2553,1,0
2554,1,0
2555,1,0
2556,1,0
2557,1,0
2558,7,0
2559,21,0
2560,47,0
2561,12,0
2562,14,0
2563,131,0
2564,20,0
2565,27,0
2566,23,0
2567,25,0
2568,36,0
2569,3,0
2570,25,0
2571,28,0
2572,37,0
2573,28,0
2574,17,0
2575,20,0
2576,5,0
2577,10,0
2578,3,0
2579,4,0
2580,43,0
2581,4,0
2582,14,0
2583,15,0
2584,63,3
2585,9,0
2586,16,0
2587,6,0
2588,6,0
2589,8,0
2590,2,0
2591,30,0
2592,27,0
2593,23,0
2594,4,5
2595,13,0
2596,2,0
2597,1,0
2598,5,0
2599,20,0
2600,3,2
2601,5,0
2602,5,0
2603,10,0
2604,12,0
2605,10,0
2606,7,0
2607,5,0
2608,19,0
2609,2,0
2610,4,4
2611,9,1
2612,12,0
2613,5,0
2614,6,5
2615,2,0
2616,11,0
2617,17,0
2618,7,1
2619,6,0
2620,12,0
2621,1,0
2622,6,0
2623,4,0
2624,12,0
2625,3,0
2626,3,0
2627,7,1
2628,11,0
2629,6,0
2630,5,0
2631,31,4
2632,17,0
2633,1,0
2634,4,0
2635,1,0
2636,4,0
2637,1,0
2638,4,0
2639,1,0
2640,9,0
2641,1,0
2642,2,0
2643,0,2
2644,1,0
2645,4,0
2646,2,0
2647,1,0
2648,2,0
2649,6,2
2650,1,0
2651,2,0
2652,1,0
2653,2,0
2654,1,0
2655,2,0
2656,1,0
2657,0,1
2658,8,0
2659,23,0
2660,18,0
2661,41,0
2662,15,0
2663,7,0
2664,8,0
2665,29,0
2666,19,0
2667,4,0
2668,16,0
2669,23,0
2670,29,0
2671,14,0
2672,39,0
2673,17,0
2674,14,0
2675,20,0
2676,14,1
2677,16,0
2678,8,6
2679,36,0
2680,20,0
2681,11,0
2682,16,0
2683,5,0
2684,27,0
2685,7,0
2686,15,0
2687,9,0
2688,15,0
2689,23,0
2690,13,0
2691,18,0
2692,4,0
2693,13,0
2694,5,0
2695,5,0
2696,17,0
2697,6,0
2698,20,0
2699,6,0
2700,5,0
2701,12,0
2702,3,0
2703,2,0
2704,6,0
2705,12,0
2706,8,0
2707,34,0
2708,10,0
2709,4,0
2710,3,0
2711,13,0
2712,20,0
2713,10,0
2714,11,0
2715,19,0
2716,38,3
2717,7,0
2718,5,0
2719,10,0
2720,17,0
2721,12,0
2722,6,3
2723,10,0
2724,11,0
2725,31,16
2726,12,0
2727,10,0
2728,11,0
2729,5,0
2730,1,0
2731,3,0
2732,9,0
2733,8,0
2734,2,0
2735,2,0
2736,8,0
2737,21,0
2738,1,0
2739,1,0
2740,1,0
2741,1,0
2742,3,0
2743,1,0
2744,2,0
2745,1,0
2746,1,0
2747,1,0
2748,1,0
2749,1,0
2750,1,0
2751,1,0
2752,1,0
2753,1,0
2754,1,0
2755,3,0
2756,1,1
2757,1,0
2758,12,2
2759,20,0
2760,16,0
2761,4,0
2762,29,0
2763,25,0
2764,12,1
2765,6,0
2766,93,0
2767,3,0
2768,51,0
2769,60,0
2770,8,0
2771,56,0
2772,41,0
2773,15,0
2774,45,0
2775,12,0
2776,4,0
2777,31,0
2778,16,0
2779,15,0
2780,12,0
2781,8,0
2782,43,0
2783,17,0
2784,26,0
2785,4,0
2786,23,0
2787,17,0
2788,6,0
2789,12,0
2790,10,0
2791,12,0
2792,18,0
2793,24,0
2794,2,0
2795,10,0
2796,26,0
2797,12,0
2798,4,0
2799,4,0
2800,5,0
2801,4,0
2802,6,0
2803,11,0
2804,3,0
2805,16,0
2806,3,0
2807,37,0
2808,12,0
2809,14,0
2810,25,0
2811,10,0
2812,0,6
2813,4,0
2814,13,0
2815,9,0
2816,11,0
2817,16,0
2818,9,0
2819,3,0
2820,21,0
2821,8,0
2822,21,0
2823,18,0
2824,5,0
2825,8,0
2826,9,0
2827,4,0
2828,2,0
2829,15,0
2830,3,0
2831,6,0
2832,28,0
2833,2,0
2834,16,0
2835,4,0
2836,18,0
2837,13,0
2838,0,4
2839,4,0
2840,6,0
2841,18,0
2842,5,0
2843,6,0
2844,1,0
2845,3,0
2846,1,0
2847,1,0
2848,6,0
2849,1,0
2850,8,0
2851,7,0
2852,7,0
2853,1,0
2854,4,0
2855,6,0
2856,4,0
2857,5,0
2858,1,14
2859,4,4
2860,1,0
2861,4,0
2862,1,0
2863,7,0
2864,4,0
2865,6,0
2866,1,0
2867,1,0
2868,1,0
2869,2,0
2870,1,0
2871,1,0
2872,2,0
2873,1,0
2874,20,0
2875,27,0
2876,4,0
2877,5,1
2878,86,0
2879,8,0
2880,13,0
2881,25,0
2882,7,0
2883,31,0
2884,42,0
2885,25,0
2886,17,0
2887,26,0
2888,23,0
2889,10,0
2890,61,0
2891,8,0
2892,21,0
2893,22,0
2894,38,0
2895,6,0
2896,46,0
2897,10,0
2898,11,0
2899,11,0
2900,22,0
2901,14,0
2902,18,0
2903,6,0
2904,43,0
2905,12,0
2906,3,0
2907,16,0
2908,3,0
2909,27,0
2910,13,0
2911,31,0
2912,18,0
2913,18,0
2914,9,0
2915,19,0
2916,11,0
2917,4,0
2918,6,0
2919,8,0
2920,11,0
2921,12,0
2922,10,0
2923,23,0
2924,6,0
2925,14,0
2926,9,0
2927,6,0
2928,0,4
2929,13,0
2930,1,0
2931,1,0
2932,10,0
2933,5,0
2934,10,0
2935,2,0
2936,1,0
2937,4,0
2938,5,0
2939,2,0
2940,4,0
2941,8,8
2942,3,0
2943,1,0
2944,6,5
2945,1,0
2946,4,0
2947,3,0
2948,5,0
2949,3,0
2950,1,0
2951,1,0
2952,1,0
2953,1,0
2954,21,1
2955,3,0
2956,0,1
2957,1,0
2958,1,0
2959,1,0
2960,1,0
2961,1,0
2962,1,0
2963,1,0
2964,1,0
2965,68,0
2966,6,0
2967,18,0
2968,30,0
2969,12,0
2970,8,0
2971,34,0
2972,58,0
2973,52,0
2974,33,0
2975,19,0
2976,43,0
2977,46,0
2978,32,0
2979,12,0
2980,44,0
2981,28,0
2982,9,0
2983,20,0
2984,19,0
2985,6,0
2986,1,0
2987,19,0
2988,19,0
2989,5,0
2990,14,0
2991,53,0
2992,17,0
2993,16,0
2994,10,0
2995,14,2
2996,45,0
2997,27,0
2998,17,0
2999,5,0
